timestamp,frame_id,object_id,region,speed_kmph
2025-05-05 13:35:23.990122,1,1,[],0.0
2025-05-05 13:35:23.992134,1,2,[],0.0
2025-05-05 13:35:23.993071,1,3,[],0.0
2025-05-05 13:35:23.994112,1,4,[],0.0
2025-05-05 13:35:24.397855,2,2,[],25.518560987901704
2025-05-05 13:35:27.570099,7,17,[],0.0
2025-05-05 13:35:27.571152,7,2,[],25.474525474525475
2025-05-05 13:35:28.086568,8,2,[],20.87171070507111
2025-05-05 13:35:28.790812,9,2,[],10.596005712086127
2025-05-05 13:35:29.207002,10,2,[],1.4985014985014986
2025-05-05 13:35:29.208000,10,25,[],0.0
2025-05-05 13:35:29.208000,10,26,[],0.0
2025-05-05 13:35:29.208000,10,27,[],0.0
2025-05-05 13:35:29.828467,11,2,[],6.701502430069301
2025-05-05 13:35:29.829455,11,25,[],2.1192011424172255
2025-05-05 13:35:29.829455,11,26,[],5.402923989206777
2025-05-05 13:35:29.832476,11,27,[],2.997002997002997
2025-05-05 13:35:31.535267,14,17,[],112.82631658789852
2025-05-05 13:35:31.536356,14,2,[],2.1192011424172255
2025-05-05 13:35:31.536356,14,25,[],7.492507492507492
2025-05-05 13:35:31.537346,14,27,[],4.738677812440129
2025-05-05 13:35:32.233968,15,2,[],7.492507492507492
2025-05-05 13:35:32.233968,15,27,[],1.4985014985014986
2025-05-05 13:35:32.782507,16,2,[],6.701502430069301
2025-05-05 13:35:33.156442,17,2,[],1.4985014985014986
2025-05-05 13:35:33.158438,17,44,[],0.0
2025-05-05 13:35:33.806013,18,2,[],3.3507512150346503
2025-05-05 13:35:33.807023,18,44,[],13.486513486513486
2025-05-05 13:35:34.311158,19,26,[],12.803202415560737
2025-05-05 13:35:34.819795,20,26,[],18.044347520667777
2025-05-05 13:35:34.820409,20,17,[],109.75948098239753
2025-05-05 13:35:35.281068,21,26,[],36.02641942109283
2025-05-05 13:35:35.978119,22,17,[],136.05865489889513
2025-05-05 13:35:36.502977,23,17,[],8.069677533168587
2025-05-05 13:35:44.088818,37,94,[],0.0
2025-05-05 13:35:44.612040,38,97,[],0.0
2025-05-05 13:35:45.717299,40,103,[],0.0
2025-05-05 13:35:46.144898,41,103,[],68.9961904089191
2025-05-05 13:35:46.534214,42,103,[],55.74747823497985
2025-05-05 13:35:47.002329,43,103,[],19.190182529768776
2025-05-05 13:35:47.476875,44,103,[],24.713919833872094
2025-05-05 13:35:47.868866,45,103,[],17.08554583065641
2025-05-05 13:35:48.261193,46,103,[],44.55365258936615
2025-05-05 13:35:48.603065,47,103,[],19.48051948051948
2025-05-05 13:35:48.604066,47,27,[],18.106462497893965
2025-05-05 13:35:48.935494,48,103,[],14.985014985014985
2025-05-05 13:35:48.936484,48,137,[],0.0
2025-05-05 13:35:48.937518,48,27,[],22.873632651059562
2025-05-05 13:35:49.262734,49,103,[],10.805847978413555
2025-05-05 13:35:49.615753,50,103,[],6.1784799584680234
2025-05-05 13:35:49.975732,51,103,[],16.208771967620333
2025-05-05 13:35:50.316198,52,103,[],4.738677812440129
2025-05-05 13:35:50.316198,52,160,[],0.0
2025-05-05 13:35:50.804913,53,103,[],5.402923989206777
2025-05-05 13:35:50.805920,53,161,[],0.0
2025-05-05 13:35:51.230093,54,103,[],9.477355624880259
2025-05-05 13:35:51.231098,54,162,[],0.0
2025-05-05 13:35:51.647107,55,103,[],12.71520685450335
2025-05-05 13:35:52.048552,56,103,[],6.1784799584680234
2025-05-05 13:35:52.507828,57,103,[],5.402923989206777
2025-05-05 13:35:52.898618,58,103,[],6.701502430069301
2025-05-05 13:35:53.221144,59,103,[],4.238402284834451
2025-05-05 13:35:53.707118,60,103,[],7.640888382007169
2025-05-05 13:35:54.145792,61,103,[],3.3507512150346503
2025-05-05 13:35:54.497399,62,103,[],8.737690152115835
2025-05-05 13:35:54.968549,63,103,[],10.052253645103951
2025-05-05 13:35:55.518250,64,103,[],8.991008991008991
2025-05-05 13:35:56.021608,65,160,[],20.104507290207902
2025-05-05 13:35:56.485591,66,182,[],0.0
2025-05-05 13:35:56.486600,66,161,[],24.022806506315785
2025-05-05 13:35:56.910600,67,187,[],0.0
2025-05-05 13:35:57.379612,68,188,[],0.0
2025-05-05 13:35:57.913496,69,97,[],38.96103896103896
2025-05-05 13:35:58.333553,70,137,[],72.37932872567426
2025-05-05 13:35:58.843365,71,161,[],83.23093352846443
2025-05-05 13:35:59.416939,72,161,[],124.65515090760493
2025-05-05 13:36:00.032352,73,161,[],97.69034573230742
2025-05-05 13:36:00.032352,73,222,[],0.0
2025-05-05 13:36:00.516527,74,222,[],15.059753678003332
2025-05-05 13:36:00.517582,74,225,[],0.0
2025-05-05 13:36:01.071320,75,222,[],8.991008991008991
2025-05-05 13:36:01.072297,75,225,[],1.4985014985014986
2025-05-05 13:36:01.653712,76,222,[],10.596005712086127
2025-05-05 13:36:01.653712,76,225,[],0.0
2025-05-05 13:36:02.238110,77,225,[],1.4985014985014986
2025-05-05 13:36:02.238110,77,231,[],0.0
2025-05-05 13:36:02.723809,78,225,[],0.0
2025-05-05 13:36:02.724597,78,231,[],0.0
2025-05-05 13:36:02.725314,78,235,[],0.0
2025-05-05 13:36:03.103546,79,225,[],0.0
2025-05-05 13:36:03.104110,79,231,[],0.0
2025-05-05 13:36:03.104691,79,235,[],2.997002997002997
2025-05-05 13:36:03.490706,80,225,[],0.0
2025-05-05 13:36:03.491703,80,231,[],1.4985014985014986
2025-05-05 13:36:03.492703,80,235,[],1.4985014985014986
2025-05-05 13:36:03.992883,81,225,[],1.4985014985014986
2025-05-05 13:36:03.993895,81,231,[],3.3507512150346503
2025-05-05 13:36:03.994880,81,97,[],47.030034444980664
2025-05-05 13:36:04.539225,82,225,[],1.4985014985014986
2025-05-05 13:36:04.539225,82,231,[],2.1192011424172255
2025-05-05 13:36:04.972300,83,225,[],1.4985014985014986
2025-05-05 13:36:04.972300,83,231,[],2.997002997002997
2025-05-05 13:36:04.972300,83,137,[],57.35562200500891
2025-05-05 13:36:05.460914,84,225,[],1.4985014985014986
2025-05-05 13:36:05.461894,84,231,[],0.0
2025-05-05 13:36:05.461894,84,137,[],10.805847978413555
2025-05-05 13:36:06.046405,85,225,[],1.4985014985014986
2025-05-05 13:36:06.047352,85,231,[],0.0
2025-05-05 13:36:06.047352,85,137,[],4.738677812440129
2025-05-05 13:36:06.048351,85,160,[],73.44186266639069
2025-05-05 13:36:06.581522,86,225,[],2.1192011424172255
2025-05-05 13:36:06.581522,86,137,[],2.1192011424172255
2025-05-05 13:36:07.139911,87,225,[],0.0
2025-05-05 13:36:07.140829,87,137,[],1.4985014985014986
2025-05-05 13:36:07.140829,87,97,[],31.289629896834818
2025-05-05 13:36:07.142913,87,160,[],52.639864346404494
2025-05-05 13:36:07.654631,88,225,[],2.1192011424172255
2025-05-05 13:36:07.655640,88,137,[],5.402923989206777
2025-05-05 13:36:07.656640,88,97,[],61.43856143856144
2025-05-05 13:36:08.177894,89,225,[],0.0
2025-05-05 13:36:08.178901,89,137,[],0.0
2025-05-05 13:36:08.179890,89,97,[],33.170744687080905
2025-05-05 13:36:08.180898,89,268,[],0.0
2025-05-05 13:36:08.740245,90,225,[],0.0
2025-05-05 13:36:08.741267,90,137,[],1.4985014985014986
2025-05-05 13:36:08.741267,90,97,[],18.535439875404066
2025-05-05 13:36:08.742162,90,268,[],2.997002997002997
2025-05-05 13:36:08.742162,90,275,[],0.0
2025-05-05 13:36:09.343403,91,225,[],3.3507512150346503
2025-05-05 13:36:09.344396,91,137,[],5.402923989206777
2025-05-05 13:36:09.345319,91,97,[],2.997002997002997
2025-05-05 13:36:09.346320,91,268,[],5.994005994005994
2025-05-05 13:36:09.347381,91,275,[],8.737690152115835
2025-05-05 13:36:09.349410,91,188,[],31.858578859344608
2025-05-05 13:36:09.351321,91,231,[],4.238402284834451
2025-05-05 13:36:09.857744,92,225,[],4.738677812440129
2025-05-05 13:36:09.858799,92,137,[],2.1192011424172255
2025-05-05 13:36:09.860741,92,97,[],12.803202415560737
2025-05-05 13:36:09.860741,92,268,[],10.909255578342435
2025-05-05 13:36:09.862743,92,275,[],6.701502430069301
2025-05-05 13:36:09.864844,92,285,[],0.0
2025-05-05 13:36:09.865825,92,188,[],36.58308376343767
2025-05-05 13:36:09.867823,92,231,[],5.994005994005994
2025-05-05 13:36:10.422057,93,225,[],8.737690152115835
2025-05-05 13:36:10.423052,93,137,[],18.106462497893965
2025-05-05 13:36:10.424050,93,97,[],29.857430836919992
2025-05-05 13:36:10.425054,93,268,[],12.081305317130694
2025-05-05 13:36:10.426055,93,275,[],13.569508199007117
2025-05-05 13:36:10.426055,93,285,[],6.1784799584680234
2025-05-05 13:36:10.427054,93,188,[],42.41050458966505
2025-05-05 13:36:10.427054,93,292,[],0.0
2025-05-05 13:36:10.915244,94,225,[],16.208771967620333
2025-05-05 13:36:10.915244,94,137,[],21.297707897430413
2025-05-05 13:36:10.916231,94,97,[],44.70459707345544
2025-05-05 13:36:10.919253,94,268,[],3.3507512150346503
2025-05-05 13:36:10.920249,94,188,[],2.997002997002997
2025-05-05 13:36:11.450536,95,225,[],20.381823939164004
2025-05-05 13:36:11.450536,95,137,[],23.40734168603393
2025-05-05 13:36:11.452312,95,97,[],70.19004053125097
2025-05-05 13:36:11.452312,95,268,[],3.3507512150346503
2025-05-05 13:36:11.453335,95,188,[],30.74668011291188
2025-05-05 13:36:11.454348,95,300,[],0.0
2025-05-05 13:36:11.454348,95,160,[],50.014942861973935
2025-05-05 13:36:11.455331,95,292,[],21.81851115668487
2025-05-05 13:36:12.032219,96,225,[],27.014619946033886
2025-05-05 13:36:12.032957,96,137,[],31.858578859344608
2025-05-05 13:36:12.033662,96,268,[],10.596005712086127
2025-05-05 13:36:12.034312,96,300,[],34.49809520445955
2025-05-05 13:36:12.035123,96,292,[],14.136834863221683
2025-05-05 13:36:12.035634,96,285,[],18.77616995925325
2025-05-05 13:36:12.464844,97,225,[],15.428017194286216
2025-05-05 13:36:12.466854,97,137,[],53.02239564321917
2025-05-05 13:36:12.467885,97,268,[],19.709709947001855
2025-05-05 13:36:12.467885,97,292,[],13.815501184754575
2025-05-05 13:36:12.468885,97,285,[],27.34508630004195
2025-05-05 13:36:12.970029,98,137,[],61.145471817492
2025-05-05 13:36:12.970029,98,268,[],24.39383705709247
2025-05-05 13:36:12.971029,98,187,[],10.596005712086127
2025-05-05 13:36:13.300453,99,137,[],55.68702550268345
2025-05-05 13:36:13.301536,99,268,[],12.081305317130694
2025-05-05 13:36:13.301536,99,292,[],16.953609139337804
2025-05-05 13:36:13.834067,100,137,[],17.47538030423167
2025-05-05 13:36:13.834067,100,336,[],0.0
2025-05-05 13:36:13.835991,100,300,[],13.569508199007117
2025-05-05 13:36:14.293467,101,137,[],45.84533029204303
2025-05-05 13:36:14.294476,101,336,[],7.640888382007169
2025-05-05 13:36:14.295551,101,348,[],0.0
2025-05-05 13:36:14.296553,101,300,[],1.4985014985014986
2025-05-05 13:36:14.764015,102,300,[],6.1784799584680234
2025-05-05 13:36:15.197158,103,160,[],70.57289813776194
2025-05-05 13:36:15.199070,103,137,[],102.91771129086578
2025-05-05 13:36:15.200023,103,336,[],8.069677533168587
2025-05-05 13:36:15.802253,104,336,[],21.192011424172254
2025-05-05 13:36:16.346110,105,381,[],0.0
2025-05-05 13:36:16.346110,105,275,[],108.05847978413554
2025-05-05 13:36:16.347400,105,285,[],80.78021162004129
2025-05-05 13:36:16.894853,106,381,[],15.644814948417409
2025-05-05 13:36:16.895857,106,97,[],257.47203733247176
2025-05-05 13:36:16.896857,106,268,[],55.62650707273902
2025-05-05 13:36:16.898238,106,137,[],102.88497838424699
2025-05-05 13:36:17.379830,107,381,[],11.41224741138448
2025-05-05 13:36:17.379830,107,300,[],48.325221268522775
2025-05-05 13:36:18.011378,108,268,[],42.19818533565052
2025-05-05 13:36:18.452231,109,268,[],35.36590525835948
2025-05-05 13:36:18.977650,110,268,[],45.575143833403246
2025-05-05 13:36:18.978734,110,97,[],287.2201710383009
2025-05-05 13:36:19.485072,111,268,[],46.670563943249064
2025-05-05 13:36:19.485072,111,97,[],80.22233055538965
2025-05-05 13:36:19.976297,112,268,[],33.80773478325218
2025-05-05 13:36:20.462784,113,268,[],33.27213283392785
2025-05-05 13:36:20.975174,114,268,[],23.40734168603393
2025-05-05 13:36:21.423877,115,268,[],6.701502430069301
2025-05-05 13:36:21.905752,116,268,[],7.492507492507492
2025-05-05 13:36:22.581832,117,268,[],10.052253645103951
2025-05-05 13:36:22.995273,118,268,[],9.115028766680648
2025-05-05 13:36:23.325565,119,268,[],17.539510355723717
2025-05-05 13:36:23.721044,120,268,[],37.58222638556779
2025-05-05 13:36:23.722012,120,462,[],0.0
2025-05-05 13:36:24.082041,121,268,[],46.25978733396543
2025-05-05 13:36:24.083111,121,462,[],32.069332506043
2025-05-05 13:36:24.505178,122,268,[],72.08399682800616
2025-05-05 13:36:24.506175,122,462,[],30.34234275422066
2025-05-05 13:36:24.905365,123,268,[],54.874625645156506
2025-05-05 13:36:24.906385,123,462,[],23.40734168603393
2025-05-05 13:36:25.330541,124,268,[],35.11101252905089
2025-05-05 13:36:25.331545,124,462,[],12.71520685450335
2025-05-05 13:36:25.331545,124,475,[],0.0
2025-05-05 13:36:25.333585,124,477,[],0.0
2025-05-05 13:36:25.875522,125,268,[],12.803202415560737
2025-05-05 13:36:25.876522,125,462,[],4.738677812440129
2025-05-05 13:36:25.877520,125,475,[],1.4985014985014986
2025-05-05 13:36:25.879525,125,477,[],5.402923989206777
2025-05-05 13:36:26.245487,126,268,[],2.997002997002997
2025-05-05 13:36:26.246491,126,462,[],4.738677812440129
2025-05-05 13:36:26.246491,126,475,[],4.738677812440129
2025-05-05 13:36:26.246491,126,477,[],1.4985014985014986
2025-05-05 13:36:26.246491,126,484,[],0.0
2025-05-05 13:36:26.719831,127,268,[],1.4985014985014986
2025-05-05 13:36:26.719831,127,462,[],1.4985014985014986
2025-05-05 13:36:26.720835,127,475,[],2.997002997002997
2025-05-05 13:36:26.720835,127,477,[],2.1192011424172255
2025-05-05 13:36:27.220039,128,268,[],1.4985014985014986
2025-05-05 13:36:27.220039,128,462,[],1.4985014985014986
2025-05-05 13:36:27.221038,128,475,[],0.0
2025-05-05 13:36:27.222039,128,477,[],10.48951048951049
2025-05-05 13:36:27.735228,129,268,[],1.4985014985014986
2025-05-05 13:36:27.736287,129,462,[],1.4985014985014986
2025-05-05 13:36:27.736287,129,475,[],1.4985014985014986
2025-05-05 13:36:27.737305,129,477,[],26.973026973026972
2025-05-05 13:36:28.219323,130,268,[],0.0
2025-05-05 13:36:28.220226,130,462,[],6.1784799584680234
2025-05-05 13:36:28.220226,130,475,[],2.1192011424172255
2025-05-05 13:36:28.222224,130,477,[],10.909255578342435
2025-05-05 13:36:28.599762,131,268,[],1.4985014985014986
2025-05-05 13:36:28.599762,131,462,[],2.997002997002997
2025-05-05 13:36:29.069657,132,268,[],4.738677812440129
2025-05-05 13:36:29.070737,132,462,[],3.3507512150346503
2025-05-05 13:36:29.071653,132,475,[],31.504189872570393
2025-05-05 13:36:29.697819,133,268,[],5.994005994005994
2025-05-05 13:36:29.698857,133,462,[],20.16027579481575
2025-05-05 13:36:29.699866,133,475,[],5.994005994005994
2025-05-05 13:36:29.700843,133,484,[],50.55083254775125
2025-05-05 13:36:30.200676,134,268,[],5.402923989206777
2025-05-05 13:36:30.200676,134,462,[],24.39383705709247
2025-05-05 13:36:30.200676,134,475,[],5.402923989206777
2025-05-05 13:36:30.202089,134,484,[],9.595091264884388
2025-05-05 13:36:30.694355,135,268,[],11.41224741138448
2025-05-05 13:36:30.694355,135,462,[],25.78119460652136
2025-05-05 13:36:30.695354,135,475,[],13.815501184754575
2025-05-05 13:36:31.138556,136,268,[],24.57725194833675
2025-05-05 13:36:31.138556,136,462,[],20.87171070507111
2025-05-05 13:36:31.140287,136,475,[],18.044347520667777
2025-05-05 13:36:31.638999,137,268,[],55.606319626212205
2025-05-05 13:36:31.640006,137,462,[],25.119462458901417
2025-05-05 13:36:31.640006,137,477,[],21.192011424172254
2025-05-05 13:36:32.061003,138,268,[],62.32757545380247
2025-05-05 13:36:32.062343,138,477,[],12.081305317130694
2025-05-05 13:36:32.496074,139,268,[],63.664273085658344
2025-05-05 13:36:32.497070,139,477,[],25.78119460652136
2025-05-05 13:36:32.910035,140,268,[],45.303346027465466
2025-05-05 13:36:33.202340,141,268,[],44.25021896173846
2025-05-05 13:36:33.202340,141,532,[],0.0
2025-05-05 13:36:33.599268,142,268,[],36.02641942109283
2025-05-05 13:36:33.982119,143,268,[],21.61169595682711
2025-05-05 13:36:33.983118,143,477,[],28.510935450210457
2025-05-05 13:36:34.365715,144,268,[],19.48051948051948
2025-05-05 13:36:35.587704,147,477,[],35.99524120718576
2025-05-05 13:36:36.019089,148,477,[],7.492507492507492
2025-05-05 13:36:36.433992,149,477,[],27.014619946033886
2025-05-05 13:36:36.435642,149,568,[],0.0
2025-05-05 13:36:36.846218,150,477,[],26.553514205798223
2025-05-05 13:36:37.250239,151,477,[],24.162610634261387
2025-05-05 13:36:37.673379,152,477,[],19.709709947001855
2025-05-05 13:36:38.085469,153,477,[],22.276826294683076
2025-05-05 13:36:38.086250,153,568,[],50.70606688018571
2025-05-05 13:36:38.542344,154,477,[],26.1702035912682
2025-05-05 13:36:38.997932,155,477,[],4.495504495504496
2025-05-05 13:36:39.407860,156,477,[],7.492507492507492
2025-05-05 13:36:39.780933,157,477,[],14.758528174519638
2025-05-05 13:36:39.781915,157,568,[],83.87593587906012
2025-05-05 13:36:40.168123,158,477,[],16.139355066337174
2025-05-05 13:36:40.640167,159,477,[],37.49249551407634
2025-05-05 13:36:41.495945,161,607,[],0.0
2025-05-05 13:36:41.901553,162,607,[],21.81851115668487
2025-05-05 13:36:42.255096,163,627,[],0.0
2025-05-05 13:36:45.688879,171,682,[],0.0
2025-05-05 13:36:46.102642,172,694,[],0.0
2025-05-05 13:36:46.515632,173,694,[],0.0
2025-05-05 13:36:46.516633,173,705,[],0.0
2025-05-05 13:36:46.517631,173,627,[],28.94087100273921
2025-05-05 13:36:46.948989,174,694,[],4.238402284834451
2025-05-05 13:36:46.950009,174,705,[],0.0
2025-05-05 13:36:46.950985,174,710,[],0.0
2025-05-05 13:36:46.951988,174,568,[],269.2136244191194
2025-05-05 13:36:47.370534,175,694,[],2.1192011424172255
2025-05-05 13:36:47.370534,175,705,[],1.4985014985014986
2025-05-05 13:36:47.371531,175,568,[],69.07750592377289
2025-05-05 13:36:47.810555,176,694,[],1.4985014985014986
2025-05-05 13:36:47.810555,176,705,[],0.0
2025-05-05 13:36:47.811529,176,568,[],66.00214449214359
2025-05-05 13:36:48.220968,177,694,[],1.4985014985014986
2025-05-05 13:36:48.222896,177,705,[],1.4985014985014986
2025-05-05 13:36:48.223894,177,568,[],49.90257484119894
2025-05-05 13:36:48.666984,178,694,[],0.0
2025-05-05 13:36:48.667984,178,705,[],0.0
2025-05-05 13:36:48.668978,178,568,[],29.744405456462353
2025-05-05 13:36:48.670971,178,733,[],0.0
2025-05-05 13:36:49.110860,179,694,[],0.0
2025-05-05 13:36:49.111788,179,568,[],12.89059730326068
2025-05-05 13:36:49.112783,179,733,[],8.069677533168587
2025-05-05 13:36:49.540228,180,694,[],0.0
2025-05-05 13:36:49.540228,180,568,[],5.402923989206777
2025-05-05 13:36:49.541225,180,733,[],1.4985014985014986
2025-05-05 13:36:49.541225,180,705,[],0.0
2025-05-05 13:36:49.982220,181,694,[],2.1192011424172255
2025-05-05 13:36:49.983229,181,568,[],4.738677812440129
2025-05-05 13:36:49.983229,181,733,[],67.58225145122685
2025-05-05 13:36:49.984230,181,705,[],3.3507512150346503
2025-05-05 13:36:50.359693,182,694,[],1.4985014985014986
2025-05-05 13:36:50.361473,182,568,[],5.402923989206777
2025-05-05 13:36:50.364584,182,733,[],57.021870900420915
2025-05-05 13:36:50.366578,182,705,[],10.596005712086127
2025-05-05 13:36:50.841132,183,694,[],2.1192011424172255
2025-05-05 13:36:50.842138,183,568,[],1.4985014985014986
2025-05-05 13:36:50.843138,183,733,[],12.081305317130694
2025-05-05 13:36:50.843138,183,754,[],0.0
2025-05-05 13:36:51.275371,184,694,[],1.4985014985014986
2025-05-05 13:36:51.276464,184,568,[],3.3507512150346503
2025-05-05 13:36:51.278233,184,733,[],6.1784799584680234
2025-05-05 13:36:51.280024,184,754,[],4.495504495504496
2025-05-05 13:36:51.701769,185,694,[],0.0
2025-05-05 13:36:51.702767,185,568,[],1.4985014985014986
2025-05-05 13:36:51.702767,185,733,[],4.495504495504496
2025-05-05 13:36:51.703778,185,754,[],2.997002997002997
2025-05-05 13:36:51.703778,185,710,[],29.44088317340934
2025-05-05 13:36:52.157779,186,694,[],0.0
2025-05-05 13:36:52.158770,186,568,[],1.4985014985014986
2025-05-05 13:36:52.159776,186,733,[],2.997002997002997
2025-05-05 13:36:52.159776,186,754,[],0.0
2025-05-05 13:36:52.160772,186,710,[],3.3507512150346503
2025-05-05 13:36:52.629940,187,694,[],2.1192011424172255
2025-05-05 13:36:52.632033,187,568,[],6.1784799584680234
2025-05-05 13:36:52.632033,187,733,[],3.3507512150346503
2025-05-05 13:36:52.633047,187,754,[],0.0
2025-05-05 13:36:52.633047,187,682,[],24.162610634261387
2025-05-05 13:36:53.016442,188,568,[],6.701502430069301
2025-05-05 13:36:53.016442,188,733,[],20.87171070507111
2025-05-05 13:36:53.331211,189,568,[],31.504189872570393
2025-05-05 13:36:53.751831,190,568,[],60.68468550844132
2025-05-05 13:36:53.752860,190,777,[],0.0
2025-05-05 13:36:53.753829,190,780,[],0.0
2025-05-05 13:36:54.160286,191,780,[],13.815501184754575
2025-05-05 13:36:54.161091,191,733,[],137.8947101337943
2025-05-05 13:36:54.528070,192,799,[],0.0
2025-05-05 13:36:54.528070,192,733,[],200.42982711335912
2025-05-05 13:36:54.948766,193,733,[],160.4236664545783
2025-05-05 13:36:54.949844,193,777,[],33.27213283392785
2025-05-05 13:36:55.374494,194,627,[],27.994318220183928
2025-05-05 13:36:55.843060,195,820,[],0.0
2025-05-05 13:36:55.843060,195,821,[],0.0
2025-05-05 13:36:55.844055,195,627,[],42.59541579486083
2025-05-05 13:36:55.845049,195,777,[],31.610923740852627
2025-05-05 13:36:56.314959,196,820,[],43.68845076057917
2025-05-05 13:36:56.315938,196,821,[],7.492507492507492
2025-05-05 13:36:56.315938,196,826,[],0.0
2025-05-05 13:36:56.679958,197,820,[],21.455276318595935
2025-05-05 13:36:57.103831,198,820,[],42.648100311961166
2025-05-05 13:36:57.104832,198,627,[],42.38402284834451
2025-05-05 13:36:57.510796,199,820,[],33.27213283392785
2025-05-05 13:36:57.510796,199,826,[],154.4619989617006
2025-05-05 13:36:57.962441,200,820,[],35.74483648914055
2025-05-05 13:36:57.962441,200,710,[],25.4304137090067
2025-05-05 13:36:58.384736,201,682,[],37.46253746253746
2025-05-05 13:36:58.385724,201,777,[],21.297707897430413
2025-05-05 13:36:58.385724,201,821,[],10.596005712086127
2025-05-05 13:36:58.786188,202,568,[],102.35982831930909
2025-05-05 13:36:58.787185,202,710,[],33.27213283392785
2025-05-05 13:36:59.254015,203,869,[],0.0
2025-05-05 13:36:59.255019,203,777,[],21.455276318595935
2025-05-05 13:36:59.685515,204,869,[],21.455276318595935
2025-05-05 13:36:59.686593,204,882,[],0.0
2025-05-05 13:36:59.687591,204,710,[],7.640888382007169
2025-05-05 13:37:00.105132,205,869,[],10.48951048951049
2025-05-05 13:37:00.106135,205,682,[],32.86470359559637
2025-05-05 13:37:00.514877,206,888,[],0.0
2025-05-05 13:37:00.515880,206,733,[],715.4132414010452
2025-05-05 13:37:00.890973,207,733,[],6.701502430069301
2025-05-05 13:37:01.772005,209,568,[],32.7277667350273
2025-05-05 13:37:01.773080,209,888,[],64.50522452556709
2025-05-05 13:37:01.774006,209,733,[],24.804613422447826
2025-05-05 13:37:02.186919,210,919,[],0.0
2025-05-05 13:37:02.187918,210,922,[],0.0
2025-05-05 13:37:03.031361,212,935,[],0.0
2025-05-05 13:37:03.339792,213,939,[],0.0
2025-05-05 13:37:03.341298,213,922,[],51.256637491969244
2025-05-05 13:37:04.736831,216,882,[],31.181796273753463
2025-05-05 13:37:05.158424,217,888,[],213.31420158970124
2025-05-05 13:37:05.554011,218,960,[],0.0
2025-05-05 13:37:05.555018,218,733,[],45.303346027465466
2025-05-05 13:37:06.470971,220,939,[],166.54278508830933
2025-05-05 13:37:06.823169,221,980,[],0.0
2025-05-05 13:37:07.156434,222,980,[],20.381823939164004
2025-05-05 13:37:07.157683,222,935,[],79.54770893099099
2025-05-05 13:37:07.526417,223,987,[],0.0
2025-05-05 13:37:07.527423,223,935,[],34.98286972006619
2025-05-05 13:37:07.939219,224,987,[],9.477355624880259
2025-05-05 13:37:07.940218,224,991,[],0.0
2025-05-05 13:37:08.287978,225,987,[],7.640888382007169
2025-05-05 13:37:10.048237,230,888,[],317.96845914969447
2025-05-05 13:37:10.857612,232,682,[],82.67600933546687
2025-05-05 13:37:12.764323,237,980,[],86.09539913420514
2025-05-05 13:37:13.073200,238,888,[],185.02094548108954
2025-05-05 13:37:15.289996,244,1037,[],0.0
2025-05-05 13:37:15.660591,245,1037,[],6.357603427251675
2025-05-05 13:37:16.038845,246,1037,[],7.492507492507492
2025-05-05 13:37:16.415812,247,1037,[],15.059753678003332
2025-05-05 13:37:16.416876,247,991,[],115.93792887443377
2025-05-05 13:37:16.796049,248,1037,[],15.059753678003332
2025-05-05 13:37:17.146974,249,1037,[],8.991008991008991
2025-05-05 13:37:17.492060,250,1037,[],8.069677533168587
2025-05-05 13:37:17.853061,251,1037,[],8.476804569668902
2025-05-05 13:37:18.299048,252,1037,[],12.081305317130694
2025-05-05 13:37:18.622598,253,1037,[],13.403004860138601
2025-05-05 13:37:18.954588,254,1037,[],1.4985014985014986
2025-05-05 13:37:19.279898,255,1037,[],4.738677812440129
2025-05-05 13:37:19.598168,256,1037,[],10.596005712086127
2025-05-05 13:37:19.914167,257,1037,[],8.069677533168587
2025-05-05 13:37:20.230034,258,1037,[],4.495504495504496
2025-05-05 13:37:20.548216,259,1037,[],10.909255578342435
2025-05-05 13:37:20.859520,260,1037,[],14.985014985014985
2025-05-05 13:37:21.180021,261,1037,[],19.53806914646149
2025-05-05 13:37:21.540873,262,1037,[],24.39383705709247
2025-05-05 13:37:21.875094,263,1037,[],20.381823939164004
2025-05-05 13:37:22.256691,264,1037,[],29.0956361222991
2025-05-05 13:37:22.629215,265,1037,[],39.21953744745974
2025-05-05 13:37:22.630140,265,1064,[],0.0
2025-05-05 13:37:23.022186,266,1037,[],40.209014580415804
2025-05-05 13:37:23.022186,266,1064,[],3.3507512150346503
2025-05-05 13:37:23.331897,267,1037,[],61.657464369953
2025-05-05 13:37:23.332887,267,1064,[],26.973026973026972
2025-05-05 13:37:23.697769,268,1037,[],95.45819166013779
2025-05-05 13:37:23.698783,268,1064,[],25.518560987901704
2025-05-05 13:37:24.048799,269,1064,[],1.4985014985014986
2025-05-05 13:37:24.050830,269,991,[],157.79868266583725
2025-05-05 13:37:24.408175,270,1064,[],8.069677533168587
2025-05-05 13:37:24.409213,270,1037,[],19.53806914646149
2025-05-05 13:37:24.797478,271,1064,[],16.753756075173253
2025-05-05 13:37:25.178332,272,1064,[],16.139355066337174
2025-05-05 13:37:25.592101,273,1064,[],7.640888382007169
2025-05-05 13:37:25.593125,273,1086,[],0.0
2025-05-05 13:37:25.594116,273,1089,[],0.0
2025-05-05 13:37:26.003483,274,1064,[],8.737690152115835
2025-05-05 13:37:26.004403,274,1086,[],25.78119460652136
2025-05-05 13:37:26.005477,274,1089,[],45.86981378126064
2025-05-05 13:37:26.005477,274,1037,[],144.85169998315172
2025-05-05 13:37:26.363699,275,1064,[],12.89059730326068
2025-05-05 13:37:26.364704,275,1086,[],20.381823939164004
2025-05-05 13:37:26.365621,275,1089,[],51.952854615463686
2025-05-05 13:37:26.786872,276,1064,[],10.805847978413555
2025-05-05 13:37:26.787778,276,1086,[],10.052253645103951
2025-05-05 13:37:26.788880,276,1089,[],39.07613829292298
2025-05-05 13:37:27.215768,277,1064,[],10.909255578342435
2025-05-05 13:37:27.216768,277,1086,[],8.737690152115835
2025-05-05 13:37:27.216768,277,1089,[],30.34234275422066
2025-05-05 13:37:27.740210,278,1064,[],4.238402284834451
2025-05-05 13:37:27.741203,278,1086,[],10.48951048951049
2025-05-05 13:37:27.741203,278,1089,[],12.89059730326068
2025-05-05 13:37:28.227872,279,1064,[],1.4985014985014986
2025-05-05 13:37:28.228871,279,1086,[],6.357603427251675
2025-05-05 13:37:28.228871,279,1089,[],3.3507512150346503
2025-05-05 13:37:28.673717,280,1064,[],0.0
2025-05-05 13:37:28.674717,280,1086,[],7.640888382007169
2025-05-05 13:37:28.674717,280,1089,[],3.3507512150346503
2025-05-05 13:37:28.675717,280,1106,[],0.0
2025-05-05 13:37:29.167479,281,1064,[],1.4985014985014986
2025-05-05 13:37:29.167479,281,1086,[],9.595091264884388
2025-05-05 13:37:29.169477,281,1089,[],8.737690152115835
2025-05-05 13:37:29.169477,281,1106,[],1.4985014985014986
2025-05-05 13:37:29.669905,282,1064,[],3.3507512150346503
2025-05-05 13:37:29.670896,282,1086,[],1.4985014985014986
2025-05-05 13:37:29.671899,282,1089,[],22.276826294683076
2025-05-05 13:37:29.672910,282,1106,[],2.1192011424172255
2025-05-05 13:37:30.192694,283,1064,[],12.081305317130694
2025-05-05 13:37:30.193617,283,1086,[],8.737690152115835
2025-05-05 13:37:30.194616,283,1089,[],16.753756075173253
2025-05-05 13:37:30.194616,283,1106,[],7.640888382007169
2025-05-05 13:37:30.758281,284,1064,[],12.803202415560737
2025-05-05 13:37:30.759280,284,1086,[],23.455258505242554
2025-05-05 13:37:30.759280,284,1089,[],32.89884875139883
2025-05-05 13:37:30.761276,284,1106,[],15.428017194286216
2025-05-05 13:37:31.191147,285,1064,[],18.291541881718835
2025-05-05 13:37:31.194471,285,1086,[],14.216033437320386
2025-05-05 13:37:31.195469,285,1106,['entry'],21.192011424172254
2025-05-05 13:37:31.196465,285,1109,[],0.0
2025-05-05 13:37:31.197468,285,991,[],74.94005844185806
2025-05-05 13:37:31.730887,286,1064,[],22.873632651059562
2025-05-05 13:37:31.731842,286,1086,[],17.08554583065641
2025-05-05 13:37:31.731842,286,991,[],84.44956725437785
2025-05-05 13:37:32.151380,287,1086,[],32.86470359559637
2025-05-05 13:37:32.151380,287,1114,[],0.0
2025-05-05 13:37:32.152363,287,1118,[],0.0
2025-05-05 13:37:32.662365,288,1086,[],49.812497917866125
2025-05-05 13:37:32.663376,288,1114,[],31.610923740852627
2025-05-05 13:37:33.079993,289,1086,[],46.91051701048511
2025-05-05 13:37:33.079993,289,1114,[],97.69034573230742
2025-05-05 13:37:33.419806,290,1086,[],38.29250451302888
2025-05-05 13:37:33.854652,291,1136,[],0.0
2025-05-05 13:37:33.856643,291,1109,[],10.909255578342435
2025-05-05 13:37:34.284185,292,1136,[],24.162610634261387
2025-05-05 13:37:34.285188,292,1109,[],26.973026973026972
2025-05-05 13:37:34.645476,293,1136,[],19.48051948051948
2025-05-05 13:37:35.007835,294,1136,[],22.527417150408954
2025-05-05 13:37:35.008841,294,1158,[],0.0
2025-05-05 13:37:35.008841,294,1160,[],0.0
2025-05-05 13:37:35.009842,294,1161,[],0.0
2025-05-05 13:37:35.413928,295,1160,[],3.3507512150346503
2025-05-05 13:37:35.413928,295,1161,[],20.381823939164004
2025-05-05 13:37:35.414945,295,1172,[],0.0
2025-05-05 13:37:35.414945,295,1064,[],80.69677533168588
2025-05-05 13:37:35.816653,296,1175,[],0.0
2025-05-05 13:37:35.817593,296,1064,[],30.563553528028677
2025-05-05 13:37:36.170263,297,1175,[],13.815501184754575
2025-05-05 13:37:36.171263,297,1118,[],39.98500718519381
2025-05-05 13:37:36.172262,297,1161,[],11.703670843016965
2025-05-05 13:37:36.515125,298,1118,[],21.297707897430413
2025-05-05 13:37:36.878437,299,1118,[],14.216033437320386
2025-05-05 13:37:37.271303,300,1118,[],9.595091264884388
2025-05-05 13:37:37.664335,301,1118,[],20.381823939164004
2025-05-05 13:37:38.034679,302,1118,[],13.403004860138601
2025-05-05 13:37:38.368930,303,1118,[],9.115028766680648
2025-05-05 13:37:38.685084,304,1118,[],8.476804569668902
2025-05-05 13:37:38.990083,305,1118,[],3.3507512150346503
2025-05-05 13:37:39.425339,306,1118,[],5.402923989206777
2025-05-05 13:37:39.426338,306,1203,[],0.0
2025-05-05 13:37:39.794565,307,1118,[],3.3507512150346503
2025-05-05 13:37:39.796469,307,1203,[],2.1192011424172255
2025-05-05 13:37:40.110512,308,1118,[],14.136834863221683
2025-05-05 13:37:40.463012,309,1118,[],10.052253645103951
2025-05-05 13:37:40.464006,309,1203,[],6.357603427251675
2025-05-05 13:37:40.833257,310,1118,[],0.0
2025-05-05 13:37:40.834258,310,1203,[],5.994005994005994
2025-05-05 13:37:41.213304,311,1118,[],5.402923989206777
2025-05-05 13:37:41.214339,311,1203,[],9.595091264884388
2025-05-05 13:37:41.596863,312,1118,[],10.596005712086127
2025-05-05 13:37:41.597864,312,1203,[],4.238402284834451
2025-05-05 13:37:41.951941,313,1118,[],8.069677533168587
2025-05-05 13:37:41.951941,313,1203,[],9.477355624880259
2025-05-05 13:37:42.272081,314,1118,[],6.1784799584680234
2025-05-05 13:37:42.273078,314,1203,[],8.476804569668902
2025-05-05 13:37:42.606124,315,1118,[],10.48951048951049
2025-05-05 13:37:42.608122,315,1203,[],4.238402284834451
2025-05-05 13:37:42.959973,316,1118,[],34.17109166131282
2025-05-05 13:37:43.258786,317,1118,[],38.20444191003585
2025-05-05 13:37:43.626510,318,1118,[],55.76761458320199
2025-05-05 13:37:43.996601,319,1118,[],64.64431951085812
2025-05-05 13:37:44.366357,320,1222,[],0.0
2025-05-05 13:37:44.367355,320,1158,[],151.75611070336262
2025-05-05 13:37:44.714483,321,1222,[],8.476804569668902
2025-05-05 13:37:44.715494,321,1158,[],49.1545038966735
2025-05-05 13:37:45.076909,322,1222,[],10.596005712086127
2025-05-05 13:37:45.077975,322,1158,[],23.455258505242554
2025-05-05 13:37:45.436658,323,1222,[],22.12510948086923
2025-05-05 13:37:45.436658,323,1158,[],12.803202415560737
2025-05-05 13:37:45.801327,324,1222,[],18.230057533361297
2025-05-05 13:37:45.802271,324,1158,[],27.014619946033886
2025-05-05 13:37:46.196363,325,1222,[],16.208771967620333
2025-05-05 13:37:46.197372,325,1118,[],64.64431951085812
2025-05-05 13:37:46.572796,326,1222,[],14.834407996920579
2025-05-05 13:37:46.573810,326,1118,[],35.74483648914055
2025-05-05 13:37:47.302987,328,1251,[],0.0
2025-05-05 13:37:47.671752,329,1251,[],43.68845076057917
2025-05-05 13:37:48.057742,330,1251,[],35.61897399801612
2025-05-05 13:37:48.433655,331,1251,[],12.356959916936047
2025-05-05 13:37:48.811434,332,1158,[],159.63789025083153
2025-05-05 13:37:49.547276,334,1158,[],45.86981378126064
2025-05-05 13:37:50.295717,336,1158,[],84.76804569668901
2025-05-05 13:37:51.036146,338,1158,[],134.9067534851242
2025-05-05 13:37:51.371144,339,1282,[],0.0
2025-05-05 13:37:51.706647,340,1282,[],8.069677533168587
2025-05-05 13:37:52.079409,341,1282,[],7.492507492507492
2025-05-05 13:37:52.465954,342,1282,[],4.238402284834451
2025-05-05 13:37:52.842973,343,1282,[],2.1192011424172255
2025-05-05 13:37:53.158618,344,1282,[],0.0
2025-05-05 13:37:53.158618,344,1289,[],0.0
2025-05-05 13:37:53.479455,345,1282,[],1.4985014985014986
2025-05-05 13:37:53.869453,346,1282,[],1.4985014985014986
2025-05-05 13:37:54.232003,347,1282,[],4.738677812440129
2025-05-05 13:37:54.232546,347,1292,[],0.0
2025-05-05 13:37:54.233811,347,1118,[],231.96299818745067
2025-05-05 13:37:54.599073,348,1282,[],3.3507512150346503
2025-05-05 13:37:54.599945,348,1292,[],11.988011988011989
2025-05-05 13:37:54.959050,349,1282,[],2.1192011424172255
2025-05-05 13:37:55.325843,350,1282,[],0.0
2025-05-05 13:37:55.716855,351,1282,[],0.0
2025-05-05 13:37:56.091069,352,1282,[],1.4985014985014986
2025-05-05 13:37:56.091069,352,1292,[],7.492507492507492
2025-05-05 13:37:56.432912,353,1282,[],5.994005994005994
2025-05-05 13:37:56.433995,353,1292,[],6.701502430069301
2025-05-05 13:37:56.433995,353,1289,[],6.701502430069301
2025-05-05 13:37:56.792779,354,1282,[],1.4985014985014986
2025-05-05 13:37:56.792779,354,1289,[],7.492507492507492
2025-05-05 13:37:57.179789,355,1282,[],3.3507512150346503
2025-05-05 13:37:57.180731,355,1289,[],4.238402284834451
2025-05-05 13:37:57.651763,356,1282,[],3.3507512150346503
2025-05-05 13:37:57.652774,356,1289,[],3.3507512150346503
2025-05-05 13:37:58.087338,357,1282,[],5.994005994005994
2025-05-05 13:37:58.515576,358,1282,[],2.1192011424172255
2025-05-05 13:37:58.516580,358,1329,[],0.0
2025-05-05 13:37:58.983402,359,1282,[],0.0
2025-05-05 13:37:58.984410,359,1333,[],0.0
2025-05-05 13:37:58.985316,359,1289,[],11.703670843016965
2025-05-05 13:37:59.442452,360,1282,[],2.1192011424172255
2025-05-05 13:37:59.443439,360,1333,[],3.3507512150346503
2025-05-05 13:37:59.443439,360,1289,[],1.4985014985014986
2025-05-05 13:37:59.904406,361,1282,[],3.3507512150346503
2025-05-05 13:38:00.287455,362,1282,[],1.4985014985014986
2025-05-05 13:38:00.764691,363,1282,[],1.4985014985014986
2025-05-05 13:38:00.765716,363,1329,[],19.53806914646149
2025-05-05 13:38:01.181621,364,1282,[],1.4985014985014986
2025-05-05 13:38:01.602196,365,1282,[],1.4985014985014986
2025-05-05 13:38:02.021143,366,1282,[],0.0
2025-05-05 13:38:02.481729,367,1282,[],0.0
2025-05-05 13:38:02.866378,368,1282,[],0.0
2025-05-05 13:38:03.212790,369,1282,[],1.4985014985014986
2025-05-05 13:38:03.537098,370,1282,[],1.4985014985014986
2025-05-05 13:38:03.958412,371,1282,[],0.0
2025-05-05 13:38:04.389457,372,1282,[],1.4985014985014986
2025-05-05 13:38:04.909470,373,1282,[],1.4985014985014986
2025-05-05 13:38:05.331520,374,1282,[],1.4985014985014986
2025-05-05 13:38:05.802663,375,1282,[],1.4985014985014986
2025-05-05 13:38:06.266409,376,1282,[],6.701502430069301
2025-05-05 13:38:06.696551,377,1282,[],2.997002997002997
2025-05-05 13:38:07.093373,378,1282,[],1.4985014985014986
2025-05-05 13:38:07.094440,378,1356,[],0.0
2025-05-05 13:38:07.547096,379,1282,[],4.238402284834451
2025-05-05 13:38:07.547096,379,1289,[],41.44650355426373
2025-05-05 13:38:07.915123,380,1282,[],2.997002997002997
2025-05-05 13:38:07.915123,380,1289,[],22.276826294683076
2025-05-05 13:38:08.294097,381,1282,[],2.1192011424172255
2025-05-05 13:38:08.678905,382,1282,[],2.1192011424172255
2025-05-05 13:38:09.081359,383,1282,[],0.0
2025-05-05 13:38:09.468884,384,1282,[],2.1192011424172255
2025-05-05 13:38:09.863500,385,1282,[],1.4985014985014986
2025-05-05 13:38:10.234427,386,1282,[],0.0
2025-05-05 13:38:10.622118,387,1282,[],1.4985014985014986
2025-05-05 13:38:10.623171,387,1356,[],21.455276318595935
2025-05-05 13:38:11.018019,388,1282,[],0.0
2025-05-05 13:38:11.390371,389,1282,[],1.4985014985014986
2025-05-05 13:38:11.391364,389,1289,[],28.154287055028874
2025-05-05 13:38:11.778443,390,1282,[],4.495504495504496
2025-05-05 13:38:11.778443,390,1379,[],0.0
2025-05-05 13:38:12.183450,391,1282,[],12.081305317130694
2025-05-05 13:38:12.184447,391,1356,[],55.2620047390183
2025-05-05 13:38:12.545679,392,1282,[],31.610923740852627
2025-05-05 13:38:12.546775,392,1289,[],29.857430836919992
2025-05-05 13:38:12.943054,393,1282,[],44.47798825071678
2025-05-05 13:38:13.648680,395,1390,[],0.0
2025-05-05 13:38:14.041683,396,1356,[],23.976023976023978
2025-05-05 13:38:14.449893,397,1407,[],0.0
2025-05-05 13:38:14.450878,397,1289,[],24.39383705709247
2025-05-05 13:38:14.824253,398,1289,[],27.873739117489926
2025-05-05 13:38:15.172475,399,1356,[],42.22478362718893
2025-05-05 13:38:15.606646,400,1417,[],0.0
2025-05-05 13:38:15.607650,400,1289,[],32.86470359559637
2025-05-05 13:38:16.080887,401,1417,[],2.997002997002997
2025-05-05 13:38:16.080887,401,1289,[],27.014619946033886
2025-05-05 13:38:16.495264,402,1417,[],5.994005994005994
2025-05-05 13:38:16.495264,402,1289,[],22.873632651059562
2025-05-05 13:38:16.990256,403,1417,[],1.4985014985014986
2025-05-05 13:38:16.991262,403,1289,[],14.985014985014985
2025-05-05 13:38:16.992261,403,1425,[],0.0
2025-05-05 13:38:17.368796,404,1289,[],15.644814948417409
2025-05-05 13:38:17.368796,404,1425,[],2.1192011424172255
2025-05-05 13:38:17.759989,405,1289,[],12.081305317130694
2025-05-05 13:38:17.759989,405,1425,[],8.069677533168587
2025-05-05 13:38:18.171644,406,1289,[],9.477355624880259
2025-05-05 13:38:18.172649,406,1425,[],2.997002997002997
2025-05-05 13:38:18.172649,406,1435,[],0.0
2025-05-05 13:38:18.626050,407,1425,[],1.4985014985014986
2025-05-05 13:38:18.627130,407,1435,[],8.476804569668902
2025-05-05 13:38:19.112727,408,1425,[],0.0
2025-05-05 13:38:19.537303,409,1425,[],0.0
2025-05-05 13:38:19.538301,409,1390,[],10.909255578342435
2025-05-05 13:38:19.995970,410,1425,[],1.4985014985014986
2025-05-05 13:38:19.995970,410,1463,[],0.0
2025-05-05 13:38:20.476404,411,1425,[],2.1192011424172255
2025-05-05 13:38:20.477406,411,1463,[],2.997002997002997
2025-05-05 13:38:20.936191,412,1425,[],1.4985014985014986
2025-05-05 13:38:20.936191,412,1463,[],2.1192011424172255
2025-05-05 13:38:21.388772,413,1425,[],8.069677533168587
2025-05-05 13:38:21.389660,413,1463,[],6.701502430069301
2025-05-05 13:38:21.390749,413,1466,[],0.0
2025-05-05 13:38:21.768691,414,1463,[],8.069677533168587
2025-05-05 13:38:21.769505,414,1466,[],28.785273794653165
2025-05-05 13:38:22.159174,415,1463,[],7.640888382007169
2025-05-05 13:38:22.159174,415,1473,[],0.0
2025-05-05 13:38:23.988987,419,1491,[],0.0
2025-05-05 13:38:28.272265,428,1523,[],0.0
2025-05-05 13:38:29.196391,430,1491,[],36.73621580059319
2025-05-05 13:38:29.646049,431,1523,[],29.97002997002997
2025-05-05 13:38:30.024956,432,1548,[],0.0
2025-05-05 13:38:30.411511,433,1523,[],5.994005994005994
2025-05-05 13:38:30.798967,434,1548,[],21.61169595682711
2025-05-05 13:38:38.806339,453,1610,['entry'],0.0
2025-05-05 13:38:39.245823,454,1610,['entry'],7.492507492507492
2025-05-05 13:38:39.246988,454,1614,[],0.0
2025-05-05 13:38:39.687048,455,1610,['entry'],4.495504495504496
2025-05-05 13:38:39.687048,455,1614,[],3.3507512150346503
2025-05-05 13:38:40.103106,456,1610,['entry'],1.4985014985014986
2025-05-05 13:38:40.103106,456,1614,[],2.1192011424172255
2025-05-05 13:38:40.449460,457,1610,['entry'],0.0
2025-05-05 13:38:40.450540,457,1614,[],5.402923989206777
2025-05-05 13:38:40.840247,458,1610,['entry'],1.4985014985014986
2025-05-05 13:38:40.840803,458,1614,[],4.738677812440129
2025-05-05 13:38:41.198267,459,1610,['entry'],0.0
2025-05-05 13:38:41.199267,459,1614,[],1.4985014985014986
2025-05-05 13:38:41.505286,460,1610,['entry'],1.4985014985014986
2025-05-05 13:38:41.506289,460,1614,[],1.4985014985014986
2025-05-05 13:38:41.858076,461,1610,['entry'],1.4985014985014986
2025-05-05 13:38:41.858076,461,1614,[],3.3507512150346503
2025-05-05 13:38:42.231701,462,1610,['entry'],1.4985014985014986
2025-05-05 13:38:42.231701,462,1614,[],2.997002997002997
2025-05-05 13:38:42.533541,463,1614,[],29.97002997002997
2025-05-05 13:38:42.884821,464,1614,[],36.24391595139208
2025-05-05 13:38:43.504316,466,1634,[],0.0
2025-05-05 13:38:48.432075,489,1676,[],0.0
2025-05-05 13:38:49.533010,496,1690,[],0.0
2025-05-05 13:38:49.674230,497,1690,[],4.495504495504496
2025-05-05 13:38:49.865521,498,1690,[],0.0
2025-05-05 13:38:50.041029,499,1690,[],0.0
2025-05-05 13:38:50.237282,500,1690,[],1.4985014985014986
2025-05-05 13:38:50.237282,500,1705,[],0.0
2025-05-05 13:38:50.376879,501,1690,[],0.0
2025-05-05 13:38:50.376879,501,1705,[],1.4985014985014986
2025-05-05 13:38:50.528415,502,1690,[],1.4985014985014986
2025-05-05 13:38:50.528415,502,1705,[],0.0
2025-05-05 13:38:50.654999,503,1690,[],2.1192011424172255
2025-05-05 13:38:50.655995,503,1705,[],0.0
2025-05-05 13:38:50.841185,504,1690,[],1.4985014985014986
2025-05-05 13:38:50.841185,504,1705,[],5.402923989206777
2025-05-05 13:38:50.999893,505,1690,[],8.737690152115835
2025-05-05 13:38:51.920391,510,1730,[],0.0
2025-05-05 13:38:52.051478,511,1730,[],7.492507492507492
2025-05-05 13:38:57.138862,540,1805,[],0.0
2025-05-05 13:38:57.271840,541,1807,[],0.0
2025-05-05 13:38:57.409117,542,1807,[],15.428017194286216
2025-05-05 13:38:57.409117,542,1812,[],0.0
2025-05-05 13:38:57.409117,542,1813,[],0.0
2025-05-05 13:38:57.410129,542,1805,[],29.44088317340934
2025-05-05 13:38:57.586095,543,1812,[],37.58222638556779
2025-05-05 13:38:57.735472,544,1807,[],44.90506712419091
2025-05-05 13:38:57.736473,544,1813,[],12.89059730326068
2025-05-05 13:38:57.849881,545,1807,[],27.873739117489926
2025-05-05 13:38:57.982845,546,1826,[],0.0
2025-05-05 13:38:57.982845,546,1812,[],20.104507290207902
2025-05-05 13:38:58.119106,547,1826,[],14.136834863221683
2025-05-05 13:38:58.119106,547,1812,[],12.081305317130694
2025-05-05 13:38:58.120117,547,1813,[],47.97545632442194
2025-05-05 13:38:58.276595,548,1826,[],3.3507512150346503
2025-05-05 13:38:58.276595,548,1812,[],3.3507512150346503
2025-05-05 13:38:58.276595,548,1830,[],0.0
2025-05-05 13:38:58.277659,548,1813,[],4.495504495504496
2025-05-05 13:38:58.445348,549,1826,[],1.4985014985014986
2025-05-05 13:38:58.445348,549,1812,[],10.596005712086127
2025-05-05 13:38:58.445348,549,1830,[],15.644814948417409
2025-05-05 13:38:58.617543,550,1826,[],0.0
2025-05-05 13:38:58.618547,550,1812,[],4.738677812440129
2025-05-05 13:38:58.618547,550,1830,[],14.136834863221683
2025-05-05 13:38:58.729174,551,1826,[],0.0
2025-05-05 13:38:58.729174,551,1830,[],46.525998090689384
2025-05-05 13:38:58.729174,551,1831,[],0.0
2025-05-05 13:38:58.839564,552,1826,[],1.4985014985014986
2025-05-05 13:38:58.839564,552,1830,[],29.0956361222991
2025-05-05 13:38:58.839564,552,1831,[],6.1784799584680234
2025-05-05 13:38:58.944011,553,1826,[],0.0
2025-05-05 13:38:58.944011,553,1830,[],33.50751215034651
2025-05-05 13:38:58.944011,553,1831,[],6.1784799584680234
2025-05-05 13:38:59.050113,554,1826,[],1.4985014985014986
2025-05-05 13:38:59.050113,554,1830,[],31.752677473152485
2025-05-05 13:38:59.050113,554,1831,[],4.738677812440129
2025-05-05 13:38:59.050113,554,1836,[],0.0
2025-05-05 13:38:59.172841,555,1826,[],1.4985014985014986
2025-05-05 13:38:59.172841,555,1830,[],23.262999045344692
2025-05-05 13:38:59.172841,555,1831,[],13.815501184754575
2025-05-05 13:38:59.173838,555,1836,[],25.606404831121473
2025-05-05 13:38:59.359107,556,1826,[],11.703670843016965
2025-05-05 13:38:59.359107,556,1830,[],27.014619946033886
2025-05-05 13:38:59.359107,556,1831,[],9.595091264884388
2025-05-05 13:38:59.359107,556,1836,[],51.75799012738425
2025-05-05 13:38:59.360108,556,1844,[],0.0
2025-05-05 13:38:59.506739,557,1826,[],31.858578859344608
2025-05-05 13:38:59.507730,557,1830,[],50.350542306927395
2025-05-05 13:38:59.507730,557,1831,[],12.081305317130694
2025-05-05 13:38:59.507730,557,1844,[],55.13996851041188
2025-05-05 13:38:59.649220,558,1830,[],84.79453157319746
2025-05-05 13:38:59.649220,558,1831,[],18.230057533361297
2025-05-05 13:38:59.779528,559,1830,[],82.75745017872573
2025-05-05 13:38:59.779528,559,1831,[],21.81851115668487
2025-05-05 13:38:59.779528,559,1853,[],0.0
2025-05-05 13:38:59.957690,560,1830,[],34.98286972006619
2025-05-05 13:38:59.957690,560,1831,[],19.53806914646149
2025-05-05 13:38:59.957690,560,1853,[],15.644814948417409
2025-05-05 13:39:00.137418,561,1830,[],12.081305317130694
2025-05-05 13:39:00.137418,561,1831,[],5.994005994005994
2025-05-05 13:39:00.457346,563,1864,[],0.0
2025-05-05 13:39:00.457346,563,1826,[],20.381823939164004
2025-05-05 13:39:00.628129,564,1870,[],0.0
2025-05-05 13:39:00.629146,564,1826,[],16.753756075173253
2025-05-05 13:39:01.816736,571,1903,[],0.0
2025-05-05 13:39:01.817733,571,1907,[],0.0
2025-05-05 13:39:01.817733,571,1910,[],0.0
2025-05-05 13:39:01.992448,572,1907,[],41.44650355426373
2025-05-05 13:39:01.992448,572,1910,[],23.262999045344692
2025-05-05 13:39:02.115450,573,1907,[],15.644814948417409
2025-05-05 13:39:02.115450,573,1910,[],19.48051948051948
2025-05-05 13:39:02.115450,573,1917,[],0.0
2025-05-05 13:39:02.116451,573,1919,[],0.0
2025-05-05 13:39:02.116451,573,1903,[],27.014619946033886
2025-05-05 13:39:02.229028,574,1907,[],1.4985014985014986
2025-05-05 13:39:02.229028,574,1910,[],14.758528174519638
2025-05-05 13:39:02.229028,574,1917,[],2.997002997002997
2025-05-05 13:39:02.229028,574,1919,[],4.495504495504496
2025-05-05 13:39:02.229028,574,1903,[],5.402923989206777
2025-05-05 13:39:02.339247,575,1907,[],2.1192011424172255
2025-05-05 13:39:02.339247,575,1910,[],17.47538030423167
2025-05-05 13:39:02.340246,575,1917,[],2.1192011424172255
2025-05-05 13:39:02.340246,575,1919,[],3.3507512150346503
2025-05-05 13:39:02.340246,575,1903,[],3.3507512150346503
2025-05-05 13:39:02.460139,576,1907,[],2.1192011424172255
2025-05-05 13:39:02.461143,576,1910,[],10.596005712086127
2025-05-05 13:39:02.461143,576,1917,[],23.976023976023978
2025-05-05 13:39:02.461143,576,1919,[],6.701502430069301
2025-05-05 13:39:02.461143,576,1903,[],3.3507512150346503
2025-05-05 13:39:02.566235,577,1907,[],1.4985014985014986
2025-05-05 13:39:02.566235,577,1919,[],3.3507512150346503
2025-05-05 13:39:02.566235,577,1903,[],20.817848136038666
2025-05-05 13:39:02.566235,577,1930,[],0.0
2025-05-05 13:39:02.692524,578,1907,[],1.4985014985014986
2025-05-05 13:39:02.692524,578,1919,[],1.4985014985014986
2025-05-05 13:39:02.692524,578,1930,[],148.41974642654606
2025-05-05 13:39:02.692524,578,1932,[],0.0
2025-05-05 13:39:02.816109,579,1907,[],1.4985014985014986
2025-05-05 13:39:02.816109,579,1919,[],1.4985014985014986
2025-05-05 13:39:02.816109,579,1930,[],171.24928623970015
2025-05-05 13:39:02.816109,579,1932,[],4.738677812440129
2025-05-05 13:39:02.817110,579,1917,[],16.551490035745147
2025-05-05 13:39:02.938398,580,1907,[],1.4985014985014986
2025-05-05 13:39:02.938398,580,1919,[],2.1192011424172255
2025-05-05 13:39:02.938398,580,1930,[],128.90597303260682
2025-05-05 13:39:02.938398,580,1932,[],16.208771967620333
2025-05-05 13:39:02.938398,580,1937,[],0.0
2025-05-05 13:39:02.938398,580,1917,[],20.817848136038666
2025-05-05 13:39:03.072856,581,1907,[],0.0
2025-05-05 13:39:03.072856,581,1919,[],0.0
2025-05-05 13:39:03.073854,581,1930,[],100.3996003996004
2025-05-05 13:39:03.073854,581,1932,[],6.357603427251675
2025-05-05 13:39:03.073854,581,1937,[],1.4985014985014986
2025-05-05 13:39:03.073854,581,1917,[],10.052253645103951
2025-05-05 13:39:03.217423,582,1907,[],17.982017982017982
2025-05-05 13:39:03.217423,582,1919,[],1.4985014985014986
2025-05-05 13:39:03.217423,582,1930,[],73.56406218961186
2025-05-05 13:39:03.217995,582,1932,[],2.1192011424172255
2025-05-05 13:39:03.217995,582,1937,[],0.0
2025-05-05 13:39:03.217995,582,1917,[],9.115028766680648
2025-05-05 13:39:03.358896,583,1907,[],8.737690152115835
2025-05-05 13:39:03.358896,583,1919,[],2.1192011424172255
2025-05-05 13:39:03.358896,583,1930,[],56.96277065558905
2025-05-05 13:39:03.359906,583,1932,[],3.3507512150346503
2025-05-05 13:39:03.359906,583,1937,[],0.0
2025-05-05 13:39:03.359906,583,1917,[],6.357603427251675
2025-05-05 13:39:03.527818,584,1919,[],3.3507512150346503
2025-05-05 13:39:03.528799,584,1932,[],3.3507512150346503
2025-05-05 13:39:03.528799,584,1937,[],8.737690152115835
2025-05-05 13:39:03.528799,584,1917,[],1.4985014985014986
2025-05-05 13:39:03.528799,584,1870,[],18.044347520667777
2025-05-05 13:39:03.630245,585,1919,[],18.106462497893965
2025-05-05 13:39:03.630245,585,1917,[],12.356959916936047
2025-05-05 13:39:04.232032,589,1973,[],0.0
2025-05-05 13:39:04.232667,589,1870,[],15.929289429672304
2025-05-05 13:39:04.397721,590,1973,[],16.139355066337174
2025-05-05 13:39:04.397721,590,1853,[],90.70576993259675
2025-05-05 13:39:04.690961,595,1993,[],0.0
2025-05-05 13:39:04.741858,596,1993,[],8.476804569668902
2025-05-05 13:39:04.741858,596,1998,[],0.0
2025-05-05 13:39:04.845441,598,1993,[],44.55365258936615
2025-05-05 13:39:04.900932,599,2014,[],0.0
2025-05-05 13:39:05.345411,607,1998,[],24.713919833872094
2025-05-05 13:39:05.397496,608,1998,[],33.27213283392785
2025-05-05 13:39:05.397496,608,2014,[],52.78895590552008
2025-05-05 13:39:05.680262,611,1907,[],65.42121864018902
2025-05-05 13:39:06.131975,617,1870,[],40.901131060807735
2025-05-05 13:39:06.297975,619,1973,[],174.60597075332092
2025-05-05 13:39:06.298975,619,1998,[],22.276826294683076
2025-05-05 13:39:06.932823,624,2128,[],0.0
2025-05-05 13:39:07.054131,625,2128,[],21.192011424172254
2025-05-05 13:39:07.202082,626,2128,[],12.081305317130694
2025-05-05 13:39:07.202082,626,2139,[],0.0
2025-05-05 13:39:07.356905,627,2128,[],27.508830795233497
2025-05-05 13:39:07.509738,628,2128,[],32.069332506043
2025-05-05 13:39:07.694551,629,2128,[],40.76364787832801
2025-05-05 13:39:07.695115,629,2162,[],0.0
2025-05-05 13:39:07.854473,630,2128,[],48.78767411418494
2025-05-05 13:39:07.854473,630,2162,[],15.929289429672304
2025-05-05 13:39:07.854473,630,2166,[],0.0
2025-05-05 13:39:08.037479,631,2128,[],56.428083068219976
2025-05-05 13:39:08.037479,631,2166,[],18.291541881718835
2025-05-05 13:39:08.038447,631,2139,[],17.982017982017982
2025-05-05 13:39:08.216565,632,2128,[],61.145471817492
2025-05-05 13:39:08.217549,632,2166,[],8.737690152115835
2025-05-05 13:39:08.217549,632,2175,[],0.0
2025-05-05 13:39:08.218502,632,2162,[],22.82449482276896
2025-05-05 13:39:08.432156,633,2128,['entry'],22.82449482276896
2025-05-05 13:39:08.432156,633,2166,[],7.492507492507492
2025-05-05 13:39:08.433153,633,2175,[],7.640888382007169
2025-05-05 13:39:08.433153,633,2162,[],7.640888382007169
2025-05-05 13:39:08.648862,634,2128,['entry'],7.492507492507492
2025-05-05 13:39:08.648862,634,2166,[],5.994005994005994
2025-05-05 13:39:08.648862,634,2175,[],6.1784799584680234
2025-05-05 13:39:08.855282,635,2128,['entry'],36.088695041335555
2025-05-05 13:39:08.855282,635,2166,[],2.997002997002997
2025-05-05 13:39:09.058612,636,2128,['entry'],75.83365192135861
2025-05-05 13:39:09.058612,636,2166,[],8.737690152115835
2025-05-05 13:39:09.058612,636,2181,[],0.0
2025-05-05 13:39:09.246200,637,2128,['entry'],72.00607658381996
2025-05-05 13:39:09.247290,637,2166,[],28.273669726443366
2025-05-05 13:39:09.247290,637,2181,[],0.0
2025-05-05 13:39:09.247290,637,1998,[],71.23794799603225
2025-05-05 13:39:09.417860,638,2128,['entry'],60.998398912230634
2025-05-05 13:39:09.417860,638,2181,[],3.3507512150346503
2025-05-05 13:39:09.417860,638,2186,[],0.0
2025-05-05 13:39:09.577308,639,2128,['entry'],27.54961485142393
2025-05-05 13:39:09.578308,639,2181,[],10.805847978413555
2025-05-05 13:39:09.578308,639,2186,[],55.76761458320199
2025-05-05 13:39:09.792209,640,2128,['entry'],5.402923989206777
2025-05-05 13:39:09.793251,640,2193,[],0.0
2025-05-05 13:39:09.952966,641,2128,['entry'],22.12510948086923
2025-05-05 13:39:09.953523,641,2186,[],38.20444191003585
2025-05-05 13:39:10.129449,642,2128,['entry'],5.402923989206777
2025-05-05 13:39:10.129449,642,2186,[],197.42152999035346
2025-05-05 13:39:10.293553,643,2128,['entry'],11.41224741138448
2025-05-05 13:39:10.486724,644,2128,['entry'],6.701502430069301
2025-05-05 13:39:10.633243,645,2128,['entry'],17.982017982017982
2025-05-05 13:39:10.816386,646,2128,['entry'],28.510935450210457
2025-05-05 13:39:10.816386,646,2212,[],0.0
2025-05-05 13:39:10.816386,646,1973,[],164.86921816986037
2025-05-05 13:39:11.011906,647,2128,['entry'],43.24935970927616
2025-05-05 13:39:11.156445,648,2128,['entry'],48.255471093220635
2025-05-05 13:39:11.336292,649,2128,['entry'],40.34838766584294
2025-05-05 13:39:11.516217,650,2128,['entry'],5.402923989206777
2025-05-05 13:39:11.588696,651,2128,['entry'],8.476804569668902
2025-05-05 13:39:11.665814,652,2128,['entry'],5.402923989206777
2025-05-05 13:39:11.745417,653,2128,['entry'],4.738677812440129
2025-05-05 13:39:11.824699,654,2128,['entry'],1.4985014985014986
2025-05-05 13:39:11.824699,654,1973,[],21.297707897430413
2025-05-05 13:39:11.890698,655,2128,['entry'],17.982017982017982
2025-05-05 13:39:11.961077,656,2128,['entry'],12.081305317130694
2025-05-05 13:39:11.961077,656,2261,[],0.0
2025-05-05 13:39:12.051870,657,2128,['entry'],1.4985014985014986
2025-05-05 13:39:12.051870,657,2261,[],0.0
2025-05-05 13:39:12.225978,658,2128,['entry'],4.738677812440129
2025-05-05 13:39:12.225978,658,2261,[],1.4985014985014986
2025-05-05 13:39:12.383850,659,2128,['entry'],12.356959916936047
2025-05-05 13:39:12.384776,659,2261,[],1.4985014985014986
2025-05-05 13:39:12.384776,659,1973,[],12.356959916936047
2025-05-05 13:39:12.587776,660,2128,['entry'],17.47538030423167
2025-05-05 13:39:12.588781,660,2261,[],13.815501184754575
2025-05-05 13:39:12.588781,660,1973,[],34.98286972006619
2025-05-05 13:39:12.796850,661,2128,['entry'],20.16027579481575
2025-05-05 13:39:12.796850,661,2273,[],0.0
